Workbook

Sheet ①はじめに
B2: チェックリスト — 「思い出カメラ」反応テスト（Round 2）
B4: ・このファイルは Round 2 の記録用です。オペレーターが記入します（Round 1 の記録は v1.2 ファイルのままです）。
B5: ・記入するのはシート②〜④だけ。⑤は自動集計なので見るだけです。
B6: ・名前は書かず「テスターA/B/C」で統一します（誰がどれかはオペレーターの手元メモで管理し、このファイルには書きません）。
B8: 組み合わせ（ペアリング）表（再掲）
B9: Day2: 高齢者役＝テスターA／家族役＝テスターB
B10: Day3: 高齢者役＝テスターB／家族役＝テスターC
B11: Day4: 高齢者役＝テスターC／家族役＝テスターA
B13: テスター基本情報（記入欄）
B14: ※ 誰がテスターA/B/Cかはオペレーターの手元メモで管理してください（本ファイルには書きません）。
B16: テスターA
B17: 使用環境（場所・部屋の状況）
... B26: マイク／イヤホンの機種

Sheet ②準備チェック
A1: チェックリスト — 準備チェック（毎回の通話前・Round 2）
A3: チェック項目 | B3: Day2 | C3: Day3 | D3: Day4
A4: 3名がZoomに接続した
A5: 家族役: Googleでサインインできた
A6: 家族役: 「📊ログ」ボタンが見える
A7: 家族役: 「シナリオ打刻」が見える
A8: 家族役: 画面録画を開始した
A9: 高齢者役: 顔が画面に映っている（距離50cmくらい）
A10: 高齢者役: 機器側ノイズゲートをすべてOFFにした（設計書3章）
A11: 高齢者役: 部屋が静か（テレビ消灯）
A13: ※ 空欄=未確認。プルダウンから「✓」を選んでください。

Sheet ③実施記録
A1: チェックリスト — 実施記録（メイン・Round 2）
A3: Day | B3: 高齢者役×家族役 | C3: 番号 | D3: 場面 | E3: 正解 | F3: 実施日 | G3: 反応した回数 | H3: 期待どおり？ | I3: メモ
A4: 例 | B4: A×B | C4: A1 | D4: 静かにする | E4: 反応しない | F4: 7/15 | G4: 0 | H4: ◯ | I4: （記入例）問題なし
A5: 2 | B5: A×B | C5: A1 | D5: 静かにする | E5: 反応しない
A6: 2 | B6: A×B | C6: A2 | D6: ふつうの雑談（2分） | E6: 反応しない
A7: 2 | B7: A×B | C7: A3 | D7: 本を読む | E7: 反応しない
A8: 2 | B8: A×B | C8: A4 | D8: 生活音を出す | E8: 反応しない
A9: 2 | B9: A×B | C9: A5 | D9: 最初のあいさつ（かけ直し・打刻し直し） | E9: 反応しない
A10: 2 | B10: A×B | C10: A6 | D10: 立って戻る | E10: 反応しない
A11: 2 | B11: A×B | C11: B1 | D11: 声を出して笑う（家族役: 真顔→一気に笑顔） | E11: 反応する
A12: 2 | B12: A×B | C12: B2 | D12: 驚く（同上・驚き顔） | E12: 反応する
A13: 2 | B13: A×B | C13: B3 | D13: 怒る（同上・怒り顔） | E13: 反応する
A14: 2 | B14: A×B | C14: B4 | D14: 静かに笑う＝声量そのまま（家族役の表情が頼り） | E14: 反応する
A15: 2 | B15: A×B | C15: B5 | D15: ほめ言葉（ふだんの声） | E15: 反応する
A16: 2 | B16: A×B | C16: B6 | D16: 感極まる | E16: 反応する
... A49: 4 | B49: C×A | C49: C3 | D49: 家族役が大声 | E49: 反応する

Sheet ④回収ファイル一覧
A1: チェックリスト — 回収ファイル一覧（Round 2）
A3: Day | B3: 高齢者役×家族役 | C3: 実施日 | D3: 記録ファイル名 | E3: 含まれる台本 | F3: 画面録画ファイル名 | G3: 開発チームへ送付
A4: 2 | B4: A×B
A5: 3 | B5: B×C
A6: 4 | B6: C×A
A11: ※ 記録ファイル名は measurement-log-… の形式で記入。「含まれる台本」は通話が分かれた場合「A1〜B3」のように記入し、1通話で全部含む場合は「全部」と記入してください。

Sheet ⑤サマリー
A1: チェックリスト — サマリー（自動集計・見るだけ・Round 2）
A3: 番号 | B3: 場面 | C3: 正解 | D3: Round 2
D4: 実施済み数 | E4: 反応回数の合計 | F4: ◯の数 | G4: ×の数
A5: A1 | B5: 静かにする | C5: 反応しない | D5: =COUNTIFS('③実施記録'!$A:$A,"<>例",'③実施記録'!$C:$C,"A1",'③実施記録'!$F:$F,"<>") | E5: =SUMIFS('③実施記録'!$G:$G,'③実施記録'!$A:$A,"<>例",'③実施記録'!$C:$C,"A1") | F5: =COUNTIFS('③実施記録'!$A:$A,"<>例",'③実施記録'!$C:$C,"A1",'③実施記録'!$H:$H,"◯") | G5: =COUNTIFS('③実施記録'!$A:$A,"<>例",'③実施記録'!$C:$C,"A1",'③実施記録'!$H:$H,"×")
A6: A2 | B6: ふつうの雑談（2分） | C6: 反応しない | D6: =COUNTIFS('③実施記録'!$A:$A,"<>例",'③実施記録'!$C:$C,"A2",'③実施記録'!$F:$F,"<>") | E6: =SUMIFS('③実施記録'!$G:$G,'③実施記録'!$A:$A,"<>例",'③実施記録'!$C:$C,"A2") | F6: =COUNTIFS('③実施記録'!$A:$A,"<>例",'③実施記録'!$C:$C,"A2",'③実施記録'!$H:$H,"◯") | G6: =COUNTIFS('③実施記録'!$A:$A,"<>例",'③実施記録'!$C:$C,"A2",'③実施記録'!$H:$H,"×")
A7: A3 | B7: 本を読む | C7: 反応しない | D7: =COUNTIFS('③実施記録'!$A:$A,"<>例",'③実施記録'!$C:$C,"A3",'③実施記録'!$F:$F,"<>") | E7: =SUMIFS('③実施記録'!$G:$G,'③実施記録'!$A:$A,"<>例",'③実施記録'!$C:$C,"A3") | F7: =COUNTIFS('③実施記録'!$A:$A,"<>例",'③実施記録'!$C:$C,"A3",'③実施記録'!$H:$H,"◯") | G7: =COUNTIFS('③実施記録'!$A:$A,"<>例",'③実施記録'!$C:$C,"A3",'③実施記録'!$H:$H,"×")
A8: A4 | B8: 生活音を出す | C8: 反応しない | D8: =COUNTIFS('③実施記録'!$A:$A,"<>例",'③実施記録'!$C:$C,"A4",'③実施記録'!$F:$F,"<>") | E8: =SUMIFS('③実施記録'!$G:$G,'③実施記録'!$A:$A,"<>例",'③実施記録'!$C:$C,"A4") | F8: =COUNTIFS('③実施記録'!$A:$A,"<>例",'③実施記録'!$C:$C,"A4",'③実施記録'!$H:$H,"◯") | G8: =COUNTIFS('③実施記録'!$A:$A,"<>例",'③実施記録'!$C:$C,"A4",'③実施記録'!$H:$H,"×")
A9: A5 | B9: 最初のあいさつ（かけ直し・打刻し直し） | C9: 反応しない | D9: =COUNTIFS('③実施記録'!$A:$A,"<>例",'③実施記録'!$C:$C,"A5",'③実施記録'!$F:$F,"<>") | E9: =SUMIFS('③実施記録'!$G:$G,'③実施記録'!$A:$A,"<>例",'③実施記録'!$C:$C,"A5") | F9: =COUNTIFS('③実施記録'!$A:$A,"<>例",'③実施記録'!$C:$C,"A5",'③実施記録'!$H:$H,"◯") | G9: =COUNTIFS('③実施記録'!$A:$A,"<>例",'③実施記録'!$C:$C,"A5",'③実施記録'!$H:$H,"×")
A10: A6 | B10: 立って戻る | C10: 反応しない | D10: =COUNTIFS('③実施記録'!$A:$A,"<>例",'③実施記録'!$C:$C,"A6",'③実施記録'!$F:$F,"<>") | E10: =SUMIFS('③実施記録'!$G:$G,'③実施記録'!$A:$A,"<>例",'③実施記録'!$C:$C,"A6") | F10: =COUNTIFS('③実施記録'!$A:$A,"<>例",'③実施記録'!$C:$C,"A6",'③実施記録'!$H:$H,"◯") | G10: =COUNTIFS('③実施記録'!$A:$A,"<>例",'③実施記録'!$C:$C,"A6",'③実施記録'!$H:$H,"×")
A11: B1 | B11: 声を出して笑う（家族役: 真顔→一気に笑顔） | C11: 反応する | D11: =COUNTIFS('③実施記録'!$A:$A,"<>例",'③実施記録'!$C:$C,"B1",'③実施記録'!$F:$F,"<>") | E11: =SUMIFS('③実施記録'!$G:$G,'③実施記録'!$A:$A,"<>例",'③実施記録'!$C:$C,"B1") | F11: =COUNTIFS('③実施記録'!$A:$A,"<>例",'③実施記録'!$C:$C,"B1",'③実施記録'!$H:$H,"◯") | G11: =COUNTIFS('③実施記録'!$A:$A,"<>例",'③実施記録'!$C:$C,"B1",'③実施記録'!$H:$H,"×")
A12: B2 | B12: 驚く（同上・驚き顔） | C12: 反応する | D12: =COUNTIFS('③実施記録'!$A:$A,"<>例",'③実施記録'!$C:$C,"B2",'③実施記録'!$F:$F,"<>") | E12: =SUMIFS('③実施記録'!$G:$G,'③実施記録'!$A:$A,"<>例",'③実施記録'!$C:$C,"B2") | F12: =COUNTIFS('③実施記録'!$A:$A,"<>例",'③実施記録'!$C:$C,"B2",'③実施記録'!$H:$H,"◯") | G12: =COUNTIFS('③実施記録'!$A:$A,"<>例",'③実施記録'!$C:$C,"B2",'③実施記録'!$H:$H,"×")
A13: B3 | B13: 怒る（同上・怒り顔） | C13: 反応する | D13: =COUNTIFS('③実施記録'!$A:$A,"<>例",'③実施記録'!$C:$C,"B3",'③実施記録'!$F:$F,"<>") | E13: =SUMIFS('③実施記録'!$G:$G,'③実施記録'!$A:$A,"<>例",'③実施記録'!$C:$C,"B3") | F13: =COUNTIFS('③実施記録'!$A:$A,"<>例",'③実施記録'!$C:$C,"B3",'③実施記録'!$H:$H,"◯") | G13: =COUNTIFS('③実施記録'!$A:$A,"<>例",'③実施記録'!$C:$C,"B3",'③実施記録'!$H:$H,"×")
A14: B4 | B14: 静かに笑う＝声量そのまま（家族役の表情が頼り） | C14: 反応する | D14: =COUNTIFS('③実施記録'!$A:$A,"<>例",'③実施記録'!$C:$C,"B4",'③実施記録'!$F:$F,"<>") | E14: =SUMIFS('③実施記録'!$G:$G,'③実施記録'!$A:$A,"<>例",'③実施記録'!$C:$C,"B4") | F14: =COUNTIFS('③実施記録'!$A:$A,"<>例",'③実施記録'!$C:$C,"B4",'③実施記録'!$H:$H,"◯") | G14: =COUNTIFS('③実施記録'!$A:$A,"<>例",'③実施記録'!$C:$C,"B4",'③実施記録'!$H:$H,"×")
A15: B5 | B15: ほめ言葉（ふだんの声） | C15: 反応する | D15: =COUNTIFS('③実施記録'!$A:$A,"<>例",'③実施記録'!$C:$C,"B5",'③実施記録'!$F:$F,"<>") | E15: =SUMIFS('③実施記録'!$G:$G,'③実施記録'!$A:$A,"<>例",'③実施記録'!$C:$C,"B5") | F15: =COUNTIFS('③実施記録'!$A:$A,"<>例",'③実施記録'!$C:$C,"B5",'③実施記録'!$H:$H,"◯") | G15: =COUNTIFS('③実施記録'!$A:$A,"<>例",'③実施記録'!$C:$C,"B5",'③実施記録'!$H:$H,"×")
A16: B6 | B16: 感極まる | C16: 反応する | D16: =COUNTIFS('③実施記録'!$A:$A,"<>例",'③実施記録'!$C:$C,"B6",'③実施記録'!$F:$F,"<>") | E16: =SUMIFS('③実施記録'!$G:$G,'③実施記録'!$A:$A,"<>例",'③実施記録'!$C:$C,"B6") | F16: =COUNTIFS('③実施記録'!$A:$A,"<>例",'③実施記録'!$C:$C,"B6",'③実施記録'!$H:$H,"◯") | G16: =COUNTIFS('③実施記録'!$A:$A,"<>例",'③実施記録'!$C:$C,"B6",'③実施記録'!$H:$H,"×")
A17: C1 | B17: 咳・くしゃみ・あくび | C17: 反応しない | D17: =COUNTIFS('③実施記録'!$A:$A,"<>例",'③実施記録'!$C:$C,"C1",'③実施記録'!$F:$F,"<>") | E17: =SUMIFS('③実施記録'!$G:$G,'③実施記録'!$A:$A,"<>例",'③実施記録'!$C:$C,"C1") | F17: =COUNTIFS('③実施記録'!$A:$A,"<>例",'③実施記録'!$C:$C,"C1",'③実施記録'!$H:$H,"◯") | G17: =COUNTIFS('③実施記録'!$A:$A,"<>例",'③実施記録'!$C:$C,"C1",'③実施記録'!$H:$H,"×")
A18: C2 | B18: 笑い続ける30秒 | C18: 2回以上反応が正解 | D18: =COUNTIFS('③実施記録'!$A:$A,"<>例",'③実施記録'!$C:$C,"C2",'③実施記録'!$F:$F,"<>") | E18: =SUMIFS('③実施記録'!$G:$G,'③実施記録'!$A:$A,"<>例",'③実施記録'!$C:$C,"C2") | F18: =COUNTIFS('③実施記録'!$A:$A,"<>例",'③実施記録'!$C:$C,"C2",'③実施記録'!$H:$H,"◯") | G18: =COUNTIFS('③実施記録'!$A:$A,"<>例",'③実施記録'!$C:$C,"C2",'③実施記録'!$H:$H,"×")
A19: C3 | B19: 家族役が大声 | C19: 反応する | D19: =COUNTIFS('③実施記録'!$A:$A,"<>例",'③実施記録'!$C:$C,"C3",'③実施記録'!$F:$F,"<>") | E19: =SUMIFS('③実施記録'!$G:$G,'③実施記録'!$A:$A,"<>例",'③実施記録'!$C:$C,"C3") | F19: =COUNTIFS('③実施記録'!$A:$A,"<>例",'③実施記録'!$C:$C,"C3",'③実施記録'!$H:$H,"◯") | G19: =COUNTIFS('③実施記録'!$A:$A,"<>例",'③実施記録'!$C:$C,"C3",'③実施記録'!$H:$H,"×")
A21: ※ この表は自動計算です。手で書き換えないでください。
